{
	"info": {
		"_postman_id": "47c226b1-e785-4a77-a5ee-e7fcf2244a1f",
		"name": "API коллекция сложное",
		"schema": "https://schema.getpostman.com/json/collection/v2.1.0/collection.json",
		"_exporter_id": "27754758"
	},
	"item": [
		{
			"name": "authorization сотрудник 1",
			"event": [
				{
					"listen": "test",
					"script": {
						"exec": [
							"pm.test(\"Status code is 200\", function () {\r",
							"    pm.response.to.have.status(200);\r",
							"});"
						],
						"type": "text/javascript"
					}
				}
			],
			"request": {
				"method": "POST",
				"header": [],
				"body": {
					"mode": "formdata",
					"formdata": [
						{
							"key": "username",
							"value": "Exploratory1@1.1",
							"type": "text"
						},
						{
							"key": "password",
							"value": "Exploratory1@1.1",
							"type": "text"
						},
						{
							"key": "grant_type",
							"value": "password",
							"type": "text"
						}
					]
				},
				"url": {
					"raw": "https://radio-shop.megaplan.by/api/v3/auth/access_token",
					"protocol": "https",
					"host": [
						"radio-shop",
						"megaplan",
						"by"
					],
					"path": [
						"api",
						"v3",
						"auth",
						"access_token"
					]
				}
			},
			"response": []
		},
		{
			"name": "Создать задачу,Ответственный",
			"event": [
				{
					"listen": "test",
					"script": {
						"exec": [
							"//Set variables\r",
							"var jsonData = pm.response.json();\r",
							"pm.collectionVariables.set(\"accessToken\", jsonData.access_token);\r",
							"\r",
							"pm.test(\"Status code is 200\", function () {\r",
							"    pm.response.to.have.status(200);\r",
							"});\r",
							"\r",
							"pm.test(\"название задачин\", function () {\r",
							"    var jsonData = pm.response.json();\r",
							"    pm.expect(jsonData.data.name).to.eql(\"Покормить кота\");\r",
							"});\r",
							"pm.test(\"ответственный по задачи\", function () {\r",
							"    var jsonData = pm.response.json();\r",
							"    pm.expect(jsonData.data.responsible.id).to.eql(\"1000105\");\r",
							"});\r",
							"pm.test(\"статус задачи\", function () {\r",
							"    var jsonData = pm.response.json();\r",
							"    pm.expect(jsonData.data.status).to.eql(\"assigned\");\r",
							"});\r",
							"\r",
							"var responseBody = pm.response.json();\r",
							"pm.collectionVariables.set(\"task_id\", responseBody.data.id);"
						],
						"type": "text/javascript"
					}
				}
			],
			"request": {
				"method": "POST",
				"header": [
					{
						"key": "Authorization",
						"value": "Bearer {{accessToken1}}",
						"type": "text"
					}
				],
				"body": {
					"mode": "raw",
					"raw": "{\r\n    \"contentType\": \"Task\",\r\n    \"name\": \"Покормить кота\",\r\n    \"deadline\": null,\r\n    \"parent\": null,\r\n    \"isUrgent\": false,\r\n    \"isTemplate\": false,\r\n    \"owner\": {\r\n        \"id\": \"1000104\",\r\n        \"contentType\": \"Employee\"\r\n    },\r\n    \"responsible\": {\r\n        \"id\": \"1000105\",\r\n        \"contentType\": \"Employee\"\r\n    },\r\n    \"contractor\": null,\r\n    \"attaches\": []\r\n}",
					"options": {
						"raw": {
							"language": "json"
						}
					}
				},
				"url": {
					"raw": "https://radio-shop.megaplan.by/api/v3/task",
					"protocol": "https",
					"host": [
						"radio-shop",
						"megaplan",
						"by"
					],
					"path": [
						"api",
						"v3",
						"task"
					]
				}
			},
			"response": []
		},
		{
			"name": "Написать описание задачи",
			"event": [
				{
					"listen": "test",
					"script": {
						"exec": [
							"//Set variables\r",
							"var jsonData = pm.response.json();\r",
							"pm.collectionVariables.set(\"accessToken\", jsonData.access_token);\r",
							"\r",
							"pm.test(\"Status code is 200\", function () {\r",
							"    pm.response.to.have.status(200);\r",
							"});\r",
							"\r",
							""
						],
						"type": "text/javascript"
					}
				}
			],
			"request": {
				"method": "POST",
				"header": [
					{
						"key": "Authorization",
						"value": "Bearer {{accessToken1}}",
						"type": "text"
					}
				],
				"body": {
					"mode": "raw",
					"raw": "{\r\n    \"contentType\": \"Task\",\r\n    \"attaches\": [],\r\n    \"statement\": \"<p>Китикет</p>\"\r\n}",
					"options": {
						"raw": {
							"language": "json"
						}
					}
				},
				"url": {
					"raw": "https://radio-shop.megaplan.by/api/v3/task/{{task_id}}",
					"protocol": "https",
					"host": [
						"radio-shop",
						"megaplan",
						"by"
					],
					"path": [
						"api",
						"v3",
						"task",
						"{{task_id}}"
					]
				}
			},
			"response": []
		},
		{
			"name": "authorization сотрудник 2",
			"event": [
				{
					"listen": "test",
					"script": {
						"exec": [
							"//Set variables\r",
							"var jsonData = pm.response.json();\r",
							"pm.collectionVariables.set(\"accessToken\", jsonData.access_token);\r",
							"\r",
							"pm.test(\"Status code is 200\", function () {\r",
							"    pm.response.to.have.status(200);\r",
							"});"
						],
						"type": "text/javascript"
					}
				}
			],
			"request": {
				"method": "POST",
				"header": [
					{
						"key": "Authorization",
						"value": "",
						"type": "text",
						"disabled": true
					}
				],
				"body": {
					"mode": "formdata",
					"formdata": [
						{
							"key": "username",
							"value": "Exploratory2@1.1",
							"type": "text"
						},
						{
							"key": "password",
							"value": "Exploratory2@1.1",
							"type": "text"
						},
						{
							"key": "grant_type",
							"value": "password",
							"type": "text"
						}
					]
				},
				"url": {
					"raw": "https://radio-shop.megaplan.by/api/v3/auth/access_token",
					"protocol": "https",
					"host": [
						"radio-shop",
						"megaplan",
						"by"
					],
					"path": [
						"api",
						"v3",
						"auth",
						"access_token"
					]
				}
			},
			"response": []
		},
		{
			"name": "Принять задачу,поставленную Сотрудником 1",
			"event": [
				{
					"listen": "test",
					"script": {
						"exec": [
							"\r",
							"pm.test(\"Status code is 200\", function () {\r",
							"    pm.response.to.have.status(200);\r",
							"});\r",
							"\r",
							"pm.test(\"название задачин\", function () {\r",
							"    var jsonData = pm.response.json();\r",
							"    pm.expect(jsonData.data.name).to.eql(\"Покормить кота\");\r",
							"});\r",
							"pm.test(\"ответственный по задачи\", function () {\r",
							"    var jsonData = pm.response.json();\r",
							"    pm.expect(jsonData.data.responsible.id).to.eql(\"1000105\");\r",
							"});\r",
							"pm.test(\"статус задачи\", function () {\r",
							"    var jsonData = pm.response.json();\r",
							"    pm.expect(jsonData.data.status).to.eql(\"accepted\");\r",
							"});"
						],
						"type": "text/javascript"
					}
				}
			],
			"request": {
				"method": "POST",
				"header": [
					{
						"key": "Authorization",
						"value": "Bearer {{accessToken2}}",
						"type": "text"
					}
				],
				"body": {
					"mode": "raw",
					"raw": "{\r\n        \"action\": \"act_accept_task\",\r\n        \"checkTodos\": false\r\n}",
					"options": {
						"raw": {
							"language": "json"
						}
					}
				},
				"url": {
					"raw": "https://radio-shop.megaplan.by/api/v3/task/{{task_id}}/doAction",
					"protocol": "https",
					"host": [
						"radio-shop",
						"megaplan",
						"by"
					],
					"path": [
						"api",
						"v3",
						"task",
						"{{task_id}}",
						"doAction"
					]
				}
			},
			"response": []
		},
		{
			"name": "Завершить поставленную задачу",
			"event": [
				{
					"listen": "test",
					"script": {
						"exec": [
							"\r",
							"pm.test(\"Status code is 200\", function () {\r",
							"    pm.response.to.have.status(200);\r",
							"});\r",
							"\r",
							"pm.test(\"название задачин\", function () {\r",
							"    var jsonData = pm.response.json();\r",
							"    pm.expect(jsonData.data.name).to.eql(\"Покормить кота\");\r",
							"});\r",
							"pm.test(\"ответственный по задачи\", function () {\r",
							"    var jsonData = pm.response.json();\r",
							"    pm.expect(jsonData.data.responsible.id).to.eql(\"1000105\");\r",
							"});\r",
							"pm.test(\"статус задачи\", function () {\r",
							"    var jsonData = pm.response.json();\r",
							"    pm.expect(jsonData.data.status).to.eql(\"delayed\");\r",
							"});"
						],
						"type": "text/javascript"
					}
				}
			],
			"request": {
				"method": "POST",
				"header": [
					{
						"key": "Authorization",
						"value": "Bearer {{accessToken2}}",
						"type": "text"
					}
				],
				"body": {
					"mode": "raw",
					"raw": "{\r\n        \"action\": \"act_pause\",\r\n        \"checkTodos\": false\r\n}",
					"options": {
						"raw": {
							"language": "json"
						}
					}
				},
				"url": {
					"raw": "https://radio-shop.megaplan.by/api/v3/task/{{task_id}}/doAction",
					"protocol": "https",
					"host": [
						"radio-shop",
						"megaplan",
						"by"
					],
					"path": [
						"api",
						"v3",
						"task",
						"{{task_id}}",
						"doAction"
					]
				}
			},
			"response": []
		},
		{
			"name": "Написать комментарий по задаче",
			"event": [
				{
					"listen": "test",
					"script": {
						"exec": [
							"\r",
							"pm.test(\"Status code is 200\", function () {\r",
							"    pm.response.to.have.status(200);\r",
							"});\r",
							""
						],
						"type": "text/javascript"
					}
				}
			],
			"request": {
				"method": "POST",
				"header": [
					{
						"key": "Authorization",
						"value": "Bearer {{accessToken2}}",
						"type": "text"
					}
				],
				"body": {
					"mode": "raw",
					"raw": "{\r\n        \"contentType\": \"Comment\",\r\n        \"content\": \"<p>покормили</p>\",\r\n        \"attaches\": []\r\n}",
					"options": {
						"raw": {
							"language": "json"
						}
					}
				},
				"url": {
					"raw": "https://radio-shop.megaplan.by/api/v3/task/{{task_id}}/comments",
					"protocol": "https",
					"host": [
						"radio-shop",
						"megaplan",
						"by"
					],
					"path": [
						"api",
						"v3",
						"task",
						"{{task_id}}",
						"comments"
					]
				}
			},
			"response": []
		},
		{
			"name": "authorization сотрудник 1",
			"event": [
				{
					"listen": "test",
					"script": {
						"exec": [
							"pm.test(\"Status code is 200\", function () {\r",
							"    pm.response.to.have.status(200);\r",
							"});"
						],
						"type": "text/javascript"
					}
				}
			],
			"request": {
				"method": "POST",
				"header": [],
				"body": {
					"mode": "formdata",
					"formdata": [
						{
							"key": "username",
							"value": "Exploratory1@1.1",
							"type": "text"
						},
						{
							"key": "password",
							"value": "Exploratory1@1.1",
							"type": "text"
						},
						{
							"key": "grant_type",
							"value": "password",
							"type": "text"
						}
					]
				},
				"url": {
					"raw": "https://radio-shop.megaplan.by/api/v3/auth/access_token",
					"protocol": "https",
					"host": [
						"radio-shop",
						"megaplan",
						"by"
					],
					"path": [
						"api",
						"v3",
						"auth",
						"access_token"
					]
				}
			},
			"response": []
		},
		{
			"name": "Принять задачу",
			"event": [
				{
					"listen": "test",
					"script": {
						"exec": [
							"\r",
							"pm.test(\"Status code is 200\", function () {\r",
							"    pm.response.to.have.status(200);\r",
							"});\r",
							"\r",
							"pm.test(\"название задачин\", function () {\r",
							"    var jsonData = pm.response.json();\r",
							"    pm.expect(jsonData.data.name).to.eql(\"Покормить кота\");\r",
							"});\r",
							"pm.test(\"ответственный по задачи\", function () {\r",
							"    var jsonData = pm.response.json();\r",
							"    pm.expect(jsonData.data.responsible.id).to.eql(\"1000105\");\r",
							"});\r",
							"pm.test(\"статус задачи\", function () {\r",
							"    var jsonData = pm.response.json();\r",
							"    pm.expect(jsonData.data.status).to.eql(\"accepted\");\r",
							"});"
						],
						"type": "text/javascript"
					}
				}
			],
			"request": {
				"method": "POST",
				"header": [
					{
						"key": "Authorization",
						"value": "Bearer {{accessToken1}}",
						"type": "text"
					}
				],
				"body": {
					"mode": "raw",
					"raw": "{\r\n        \"action\": \"act_resume\",\r\n        \"checkTodos\": false\r\n}",
					"options": {
						"raw": {
							"language": "json"
						}
					}
				},
				"url": {
					"raw": "https://radio-shop.megaplan.by/api/v3/task/{{task_id}}/doAction",
					"protocol": "https",
					"host": [
						"radio-shop",
						"megaplan",
						"by"
					],
					"path": [
						"api",
						"v3",
						"task",
						"{{task_id}}",
						"doAction"
					]
				}
			},
			"response": []
		},
		{
			"name": "Удалить задачу",
			"event": [
				{
					"listen": "test",
					"script": {
						"exec": [
							"pm.test(\"Status code is 200\", function () {\r",
							"    pm.response.to.have.status(200);\r",
							"});\r",
							"\r",
							"pm.test(\"удаление задачи\", function () {\r",
							"    pm.response.to.have.body({\r",
							"        \"meta\": {\r",
							"            \"status\": 200,\r",
							"            \"errors\": []\r",
							"        },\r",
							"        \"data\": \"Task successfully removed\" \r",
							"});\r",
							"});\r",
							""
						],
						"type": "text/javascript"
					}
				}
			],
			"request": {
				"method": "DELETE",
				"header": [
					{
						"key": "Authorization",
						"value": "Bearer {{accessToken1}}",
						"type": "text"
					},
					{
						"key": "Content-Type",
						"value": "application/json",
						"type": "text"
					}
				],
				"url": {
					"raw": "https://radio-shop.megaplan.by/api/v3/task/{{task_id}}",
					"protocol": "https",
					"host": [
						"radio-shop",
						"megaplan",
						"by"
					],
					"path": [
						"api",
						"v3",
						"task",
						"{{task_id}}"
					]
				}
			},
			"response": []
		},
		{
			"name": "Удалить задачу",
			"event": [
				{
					"listen": "test",
					"script": {
						"exec": [
							"pm.test(\"Status code is 404\", function () {\r",
							"    pm.response.to.have.status(404);\r",
							"});\r",
							"\r",
							"pm.test(\"Your test name\", function () {\r",
							"    var jsonData = pm.response.json();\r",
							"    pm.expect(jsonData.meta.errors[0].message).to.eql(\"Not Found Task with id = \" + pm.collectionVariables.get(\"task_id\"));\r",
							"});\r",
							""
						],
						"type": "text/javascript"
					}
				}
			],
			"request": {
				"method": "GET",
				"header": [
					{
						"key": "Authorization",
						"value": "Bearer {{accessToken1}}",
						"type": "text"
					}
				],
				"url": {
					"raw": "https://radio-shop.megaplan.by/api/v3/task/{{task_id}}",
					"protocol": "https",
					"host": [
						"radio-shop",
						"megaplan",
						"by"
					],
					"path": [
						"api",
						"v3",
						"task",
						"{{task_id}}"
					]
				}
			},
			"response": []
		}
	],
	"event": [
		{
			"listen": "prerequest",
			"script": {
				"type": "text/javascript",
				"exec": [
					""
				]
			}
		},
		{
			"listen": "test",
			"script": {
				"type": "text/javascript",
				"exec": [
					""
				]
			}
		}
	],
	"variable": [
		{
			"key": "accessToken1",
			"value": "",
			"type": "string"
		},
		{
			"key": "accessToken2",
			"value": "",
			"type": "string"
		},
		{
			"key": "task_id",
			"value": "",
			"type": "string"
		},
		{
			"key": "accessToken",
			"value": ""
		}
	]
}