{
	"info": {
		"_postman_id": "e19c7d20-f3b4-44d2-8bbd-d990dd8be906",
		"name": "API коллекция простое",
		"schema": "https://schema.getpostman.com/json/collection/v2.0.0/collection.json",
		"_exporter_id": "27754758"
	},
	"item": [
		{
			"name": "Authorization",
			"event": [
				{
					"listen": "test",
					"script": {
						"exec": [
							"pm.test(\"Status code is 200\", function () {\r",
							"    pm.response.to.have.status(200);\r",
							"});"
						],
						"type": "text/javascript"
					}
				}
			],
			"request": {
				"method": "POST",
				"header": [
					{
						"key": "Authorization",
						"value": "Bearer {{accsessToken}}",
						"type": "text"
					}
				],
				"body": {
					"mode": "formdata",
					"formdata": [
						{
							"key": "username",
							"value": "Exploratory1@1.1",
							"type": "text"
						},
						{
							"key": "password",
							"value": "Exploratory1@1.1",
							"type": "text"
						},
						{
							"key": "grant_type",
							"value": "password",
							"type": "text"
						}
					]
				},
				"url": "https://radio-shop.megaplan.by/api/v3/auth/access_token"
			},
			"response": []
		},
		{
			"name": "Premium filter",
			"event": [
				{
					"listen": "test",
					"script": {
						"exec": [
							"var jsonData = pm.response.json();\r",
							"pm.collectionVariables.set(\"accessToken\", jsonData.access_token);\r",
							"\r",
							"var responseBody = pm.response.json();\r",
							"pm.collectionVariables.set(\"offer_id\", responseBody.data.id);\r",
							"\r",
							"pm.test(\"Status code is 200\", function () {\r",
							"    pm.response.to.have.status(200);\r",
							"});\r",
							"\r",
							""
						],
						"type": "text/javascript"
					}
				}
			],
			"request": {
				"method": "POST",
				"header": [
					{
						"key": "Authorization",
						"value": "Bearer {{accsessToken}}",
						"type": "text"
					}
				],
				"body": {
					"mode": "raw",
					"raw": "{\r\n   \"contentType\": \"Offer\",\r\n   \"name\": \"Premium filter\",\r\n   \"article\": \"APT1\",\r\n   \"quantity\": 1,\r\n   \"unit\": {\r\n      \"id\":\"12\"\r\n   },\r\n   \"tax\":{\r\n      \"contentType\":\"Tax\",\r\n      \"id\": \"2\"\r\n   },\r\n   \"price\":{\r\n      \"contentType\":\"Money\",\r\n      \"currency\":\"USD\",\r\n      \"value\": 100\r\n   }\r\n}",
					"options": {
						"raw": {
							"language": "json"
						}
					}
				},
				"url": "https://radio-shop.megaplan.by/api/v3/offer"
			},
			"response": []
		},
		{
			"name": "Premium filter",
			"event": [
				{
					"listen": "test",
					"script": {
						"exec": [
							"pm.test(\"Status code is 200\", function () {\r",
							"    pm.response.to.have.status(200);\r",
							"});\r",
							"\r",
							"pm.test(\"Артикул\", function () {\r",
							"    pm.expect(pm.response.text()).to.include(\"APT1\");\r",
							"});\r",
							"\r",
							"pm.test(\"Цена\", function () {\r",
							"    pm.expect(pm.response.text()).to.include(100);\r",
							"});\r",
							"pm.test(\"Валюта\", function () {\r",
							"    var jsonData = pm.response.json();\r",
							"    pm.expect(jsonData.data.price.currency).to.eql(\"USD\");\r",
							"});\r",
							"\r",
							"pm.test(\"Единицы измерения\", function () {\r",
							"    var jsonData = pm.response.json();\r",
							"    pm.expect(jsonData.data.unit.name).to.eql(\"кг\");\r",
							"});\r",
							"\r",
							"pm.test(\"НДС\", function () {\r",
							"    var jsonData = pm.response.json();\r",
							"    pm.expect(jsonData.data.tax.name).to.eql(\"10 %\");\r",
							"});"
						],
						"type": "text/javascript"
					}
				}
			],
			"request": {
				"method": "GET",
				"header": [
					{
						"key": "Authorization",
						"value": "Bearer {{accsessToken}}",
						"type": "text"
					}
				],
				"url": "https://radio-shop.megaplan.by/api/v3/offer/{{offer_id}}"
			},
			"response": []
		},
		{
			"name": "Premium filter редактор",
			"event": [
				{
					"listen": "test",
					"script": {
						"exec": [
							"pm.test(\"Status code is 200\", function () {\r",
							"    pm.response.to.have.status(200);\r",
							"});\r",
							"\r",
							"pm.test(\"Название товара\", function () {\r",
							"    var jsonData = pm.response.json();\r",
							"    pm.expect(jsonData.data.name).to.eql(\"Premium необыкновенный\");\r",
							"});\r",
							"\r",
							"pm.test(\"Цена\", function () {\r",
							"    var jsonData = pm.response.json();\r",
							"    pm.expect(jsonData.data.price.valueInMain).to.eql(1000);\r",
							"});"
						],
						"type": "text/javascript"
					}
				}
			],
			"request": {
				"method": "POST",
				"header": [
					{
						"key": "Authorization",
						"value": "Bearer {{accsessToken}}",
						"type": "text"
					}
				],
				"body": {
					"mode": "raw",
					"raw": "{\r\n   \"contentType\": \"Offer\",\r\n   \"name\": \"Premium необыкновенный\",\r\n   \"article\": \"АРТ1\",\r\n   \"quantity\": 1,\r\n   \"unit\": {\r\n      \"id\":\"12\"\r\n   },\r\n   \"tax\":{\r\n      \"contentType\":\"Tax\",\r\n      \"id\": \"2\"\r\n   },\r\n   \"price\":{\r\n      \"contentType\":\"Money\",\r\n      \"currency\":\"BYN\",\r\n      \"valueInMain\": 1000\r\n   }\r\n}",
					"options": {
						"raw": {
							"language": "json"
						}
					}
				},
				"url": "https://radio-shop.megaplan.by/api/v3/offer/{{offer_id}}"
			},
			"response": []
		},
		{
			"name": "Premium filter Удалить",
			"event": [
				{
					"listen": "test",
					"script": {
						"exec": [
							"pm.test(\"Status code is 200\", function () {\r",
							"    pm.response.to.have.status(200);\r",
							"});\r",
							"\r",
							"pm.test(\"удаление задачи\", function () {\r",
							"    pm.response.to.have.body({\r",
							"        \"meta\": {\r",
							"            \"status\": 200,\r",
							"            \"errors\": []\r",
							"        },\r",
							"        \"data\": []\r",
							"});\r",
							"});"
						],
						"type": "text/javascript"
					}
				}
			],
			"request": {
				"method": "DELETE",
				"header": [
					{
						"key": "Authorization",
						"value": "Bearer {{accsessToken}}",
						"type": "text"
					},
					{
						"key": "Content-Type",
						"value": "application/json",
						"type": "text"
					}
				],
				"url": "https://radio-shop.megaplan.by/api/v3/offer/{{offer_id}}"
			},
			"response": []
		},
		{
			"name": "Premium filter Удалить",
			"event": [
				{
					"listen": "test",
					"script": {
						"exec": [
							"pm.test(\"Status code is 404\", function () {\r",
							"    pm.response.to.have.status(404);\r",
							"});\r",
							"\r",
							"pm.test(\"Body matches string\", function () {\r",
							"    pm.expect(pm.response.text()).to.include(\"Not Found Offer with id\");\r",
							"});\r",
							""
						],
						"type": "text/javascript"
					}
				}
			],
			"request": {
				"method": "GET",
				"header": [
					{
						"key": "Authorization",
						"value": "Bearer {{accsessToken}}",
						"type": "text"
					}
				],
				"url": "https://radio-shop.megaplan.by/api/v3/offer/{{offer_id}}"
			},
			"response": []
		}
	],
	"event": [
		{
			"listen": "prerequest",
			"script": {
				"type": "text/javascript",
				"exec": [
					""
				]
			}
		},
		{
			"listen": "test",
			"script": {
				"type": "text/javascript",
				"exec": [
					""
				]
			}
		}
	],
	"variable": [
		{
			"key": "accsessToken",
			"value": "",
			"type": "string"
		},
		{
			"key": "offer_id",
			"value": "",
			"type": "string"
		},
		{
			"key": "accessToken",
			"value": ""
		}
	]
}